formula,Property Band gap values Clean,Property Reliability,Property Band gap method
BeO,14.5,2,
As$_{2}$Se$_{3}$,1.63,2,Absorption
CaB$_{6}$,3.3,2,Reflection
ZrC,0.6,1,Thermal activation
InN,2.4,1,Estimated
InSb,0.235,2,Magnetoabsorption
AlAs,2.205,2,Absorption
Ag$_{2}$O,0.64,2,Thermal activation
FeSi$_{2}$,0.85,2,
Ce$_{2}$S$_{3}$,1.12,1,
LiI,6,2,Estimated
Se,1.98,2,Absorption
PbTe,0.19,2,Magnetoabsorption
As$_{2}$S$_{3}$,2.64,2,Absorption
PrO$_{2}$,0.66,1,Thermal activation
ZrSe$_{3}$,1.25,1,Absorption
BiI$_{3}$,2.03,2,Absorption
SnO$_{2}$,3.597,2,Absorption
ZnO,3.35,1,Reflection
CdAs$_{2}$,1,1,Absorption
Rb$_{2}$Te,4.5,1,Photoconduction
GeAs$_{2}$,1.45,1,Absorption
Ag$_{2}$Se,0.07,2,Thermal activation
BP,2,2,Absorption
ZnTe,2.29,2,
MnF$_{2}$,10.24,2,Absorption
HfS$_{2}$,2.9,1,Reflection
Cu$_{2}$Te,1.02,2,Photoconduction
Sc$_{2}$O$_{3}$,6,1,Absorption
K$_{2}$Te,1.9,1,Estimated
GaS,2.7,2,
CdF$_{2}$,6,1,
As$_{2}$S$_{3}$,2.45,2,Absorption
PbO$_{2}$,1.7,1,
AlB,0.74,2,Thermal activation
Ag$_{2}$Te,0.064,2,
SrSe,4.42,1,Absorption
KI,5.61,2,Reflection
TlBr,3.073,2,Absorption
CuI,3.047,2,Absorption
MnO$_{2}$,0.26,1,Thermal activation
RbF,10.4,1,Absorption
AlSb,2.218,1,Reflection
GaSe,1.97,2,Absorption
PbTe,0.19,2,Absorption
NiTe,0.23,1,Thermal activation
TmAs,1.18,1,Absorption
Bi$_{2}$O$_{3}$,2.91,1,Absorption
TiC$_{0.9}$,0.3,1,Magnetoreflection
Sm$_{2}$Se$_{3}$,2.3,2,Thermal activation
Mg$_{3}$As$_{2}$,2.55,1,Thermal activation
PtSb$_{2}$,0.11,2,
SrSe,4.45,2,Absorption
In$_{2}$Se,0.828,1,Absorption
SmAs,1.03,1,Absorption
GeSe$_{2}$,2.69,2,Absorption
SiC,3.33,2,Absorption
NaCl,8.5,2,Reflection
BaSe,3.58,2,Absorption
HgI$_{2}$,2.35,2,Absorption
CoTe$_{1.88}$,0.2,1,Absorption
TlS,0.98,2,Thermal activation
Rb$_{3}$Sb,1,2,Absorption
AgBr,2.691,2,Absorption
KCl,7.68,2,Reflection
TlCl,3.5,2,Absorption
As$_{2}$S$_{5}$,2.48,1,Absorption
Tb$_{2}$O$_{3}$,0.86,2,
Zn$_{4}$Sb$_{3}$,1.2,1,Absorption
PAs,0.23,1,Thermal activation
NdB$_{6}$,4,2,Absorption
NaF,10.5,1,
HfS$_{2}$,1.96,1,Absorption
TaS$_{2}$,0.1,1,Thermal activation
GaSb,0.725,2,Absorption
Te,0.334,2,Magnetoabsorption
TiO$_{2}$,3,1,Electroreflection
NaCl,8.97,2,Reflection
Bi$_{2}$Te$_{3}$,0.14,2,Thermal activation
Ag$_{2}$Te,0.2,2,
ZnP$_{2}$,2.03,1,Absorption
SbSi,1.9,1,Thermal activation
SnSe$_{2}$,1,2,Absorption
GaSe,1.98,1,Absorption
As$_{2}$Se$_{3}$,1.8,2,
As$_{2}$S$_{3}$,1.89,2,Absorption
GdTe,1.3,1,
AgCl,3.22,2,Absorption
Ag$_{2}$S,1.03,1,Photoconduction
Hg$_{2}$Cl$_{2}$,3.5,1,Reflection
RbI,6.25,2,Reflection
LiF,13.6,1,Reflection
HgI$_{2}$,3.045,2,Reflection
Ce$_{2}$Se$_{3}$,1.62,2,Thermal activation
RbI,6.05,2,Absorption
GeTe,0.77,2,Absorption
Sb$_{2}$S$_{3}$,1.67,2,Absorption
AsI$_{3}$,2.54,2,Absorption
BAs,1.6,2,SCOPW
SnS$_{2}$,2.07,1,Absorption
K$_{2}$S,2.1,1,Estimated
Na$_{3}$Sb,1.1,2,Absorption
CaF$_{2}$,10,1,Absorption
Ga$_{2}$Te$_{3}$,1.08,2,Absorption
AlN,5.88,2,Absorption
AgBr,2.52,2,Absorption
V$_{2}$O$_{5}$,2.36,2,Absorption
MnS,6,2,Reflection
GeS$_{2}$,3.71,2,Absorption
MgF$_{2}$,11.1,2,Absorption
KCl,8.5,1,Absorption
La$_{2}$O$_{3}$,1.05,1,Thermal activation
VO$_{2}$,0.12,2,
SiP$_{2}$,1.89,1,Absorption
GeSe$_{2}$,2.38,1,Absorption
KCl,7.8,2,Reflection
In$_{2}$O$_{3}$,2.619,1,Absorption
Cu$_{2}$O,2.023,1,Electroreflection
K$_{3}$Sb,1.1,2,Absorption
NaBr,7.7,2,Absorption
Bi$_{2}$Te$_{3}$,0.16,2,
MoO$_{3}$,3.54,1,Thermal activation
CdP$_{4}$,1,1,Absorption
GaAs,1.09,2,Absorption
BiI$_{3}$,2.52,2,
ZnSb,0.5,1,Absorption
B,1.47,2,Absorption
GaSe,2.132,2,Magnetoabsorption
KI,6.31,2,Absorption
Ge$_{0.891}$Si$_{0.109}$,1.126,2,Electroreflection
K$_{3}$Sb,1.4,1,Absorption
BiSb,0.023,2,Magnetoreflection
PtSb$_{2}$,0.112,2,
InAs,0.404,2,Magnetoabsorption
PbSe,0.31,2,Reflection
CBr$_{4}$,3.7,1,Absorption
NaI,6,2,Absorption
GaSe,2.12,1,Absorption
PbO,2.88,2,Absorption
La$_{2}$S$_{3}$,1.32,1,Thermal activation
CdO,2.3,1,Absorption
MoTe$_{2}$,1.08,2,Absorption
AgN$_{3}$,3.9,1,Photoconduction
AgCl,5.13,1,Absorption
GaAs,1.479,2,Absorption
InSe,1.357,2,Absorption
CaS,5.38,2,Absorption
Se,1.8,2,Absorption
SnO$_{2}$,2.6,2,
Pr$_{2}$Te$_{3}$,1.3,1,Absorption
TiS$_{3}$,0.9,1,Absorption
Ge$_{0.774}$Si$_{0.226}$,1.503,2,Electroreflection
ZnSb,0.603,2,Absorption
Ce$_{2}$Te$_{3}$,1.4,1,Thermal activation
Sb$_{2}$Se$_{3}$,1.2,1,Absorption
B$_{2}$O$_{3}$,4.9,2,
GdAs,0.63,1,Absorption
Al$_{2}$O$_{3}$,7,2,Photoconduction
PbI$_{2}$,2.32,1,Absorption
MnAl$_{3}$,0.58,1,Thermal activation
NaBr,7.025,2,Reflection
GaAs,1.46,2,
GaAs,1.511,2,Absorption
As$_{2}$Se$_{3}$,1.1,2,
SiTe$_{2}$,2.18,1,Absorption
TlSe,0.84,2,Thermal activation
ErN,2.4,1,Absorption
GeS,1.77,2,Absorption
Mg$_{2}$Pb,0.1,2,Estimated
As$_{2}$S$_{3}$,2.74,2,Absorption
CdSe,1.816,2,Photoconduction
Ti$_{2}$O$_{3}$,0.05,2,Thermal activation
PdTe$_{2}$,1.8,1,
CdI$_{2}$,3.857,1,Absorption
AgCl,3.25,1,Absorption
SiAs,2.2,2,Absorption
CdS,2.526,2,
HgI$_{2}$,2.322,2,Absorption
BeO,10.57,1,Reflection
Se,2.85,2,
Si,1.16,2,Absorption
EuO,1.115,2,Reflection
Bi$_{0.9}$Sb$_{0.1}$,0.024,2,
Cd$_{4}$Sb$_{3}$,1.25,1,Absorption
SiC,2.6,2,Absorption
FeP$_{2}$,0.4,1,Thermal activation
ZnS,3.88,2,Reflection
RuP$_{2}$,1,1,Reflection
KBr,6.75,2,Reflection
SnO$_{2}$,3.69,2,Absorption
InSe,1.187,1,Absorption
NiS,0.01,2,Thermal activation
Sc$_{2}$S$_{3}$,2,1,Thermal activation
Al$_{2}$O$_{3}$,8.56,2,
Mg$_{3}$Bi$_{2}$,0.1,2,Thermal activation
GaSe,2.109,2,Electroreflection
MnSi,0.6,1,Thermal activation
PbO$_{2}$,1.4,2,Absorption
PbO,1.936,1,Absorption
PbTe,0.217,2,Magnetoabsorption
CdAs$_{2}$,1.04,2,Absorption
ZnTe,2.35,2,Reflection
GaN,3.8,2,Reflection
Mg$_{2}$Ge,0.532,1,Absorption
As$_{2}$Se$_{3}$,1.81,2,
Mg$_{2}$Sn,0.33,2,Absorption
GaS,2.38,2,Photoconduction
AlB,0.82,1,Thermal activation
FeAs$_{2}$,0.2,1,Thermal activation
RuTe$_{2}$,0.25,1,Thermal activation
K$_{2}$Se,1.8,1,Estimated
KBr,6.58,2,Reflection
CrTe,0.02,1,Thermal activation
CeO$_{2}$,2.68,1,Thermal activation
Te,0.35,2,
SnI$_{4}$,2.38,1,Absorption
BeO,11.2,2,Reflection
InAs,0.409,2,Magnetoabsorption
CsI,6.4,2,
CdS,2.386,2,
HgSe,0.6,2,Reflection
CsI,6.3,2,Absorption
PbO,2.66,2,Absorption
Sc$_{2}$O$_{3}$,5.4,2,Reflection
Dy$_{2}$S$_{3}$,2.91,1,Absorption
PbO$_{2}$,1.45,2,Absorption
RbI,6.26,2,Absorption
TlSe,0.57,2,
KI,6.17,1,Reflection
GaN,3.25,2,Absorption
Sb$_{2}$Te$_{3}$,0.3,1,Absorption
TiSe$_{2}$,0.69,1,Estimated
Tl$_{2}$S,0.59,2,Photoconduction
Mg$_{2}$Sn,0.185,2,Absorption
FeI$_{2}$,5.15,1,Absorption
SmSe,0.46,1,Absorption
As$_{2}$Se$_{3}$,1.7,2,Absorption
GaTe,1.67,2,Absorption
HgS,2.16,2,Absorption
Er$_{2}$Te$_{3}$,0.9,1,Thermal activation
Sb$_{2}$Te$_{3}$,0.3,2,
GaSb,0.725,1,Absorption
PbS,0.37,2,Absorption
ZnO,3.26,2,
Cu$_{2}$O,2.59,2,Electroreflection
Al$_{2}$O$_{3}$,7.3,2,Thermal activation
CdP$_{2}$,1.65,1,
Cu$_{2}$S,1.7,2,Absorption
B,1.42,2,Thermal activation
Si$_{3}$N$_{4}$,5.1,2,Absorption
Bi$_{2}$Te$_{3}$,0.145,1,Absorption
HgSe,0.07,2,
VO,0.3,1,
MoO$_{3}$,3.66,1,Absorption
MgO,7.77,1,Reflection
Nd$_{2}$O$_{3}$,0.97,1,Thermal activation
AlBi,0.4,1,Estimated
Bi$_{2}$Te$_{3}$,0.15,2,
LaSb,0.8,1,Absorption
Ge,0.665,1,Absorption
LiF,12.61,1,Reflection
CdP$_{2}$,1.93,2,Photoconduction
As$_{2}$Te$_{3}$,1.1,2,
EuTe,2,2,Absorption
C,5.413,2,Photoconduction
GeO$_{2}$,5.54,2,Absorption
TaN,2.3,1,Absorption
Bi$_{2}$O$_{3}$,2.58,2,Photoconduction
Te,0.334,2,
CdI$_{2}$,3.2,2,Photoconduction
PbTe,0.19,2,Reflection
SnBr$_{2}$,3.5,2,Absorption
CrSb,0.2,1,Thermal activation
CdS,2.425,1,Photoconduction
CuN$_{3}$,4.96,2,Absorption
Sb$_{2}$O$_{3}$,4.2,2,Photoconduction
SnTe,0.36,2,Absorption
B,0.74,2,Absorption
As,1.2,1,Photoconduction
HgS,0.54,1,Absorption
SnTe,0.26,2,Absorption
HgCl$_{2}$,4.45,2,Absorption
CdTe,1.595,2,Electroreflection
TiO$_{2}$,3.5,2,Electroreflection
Sb$_{2}$Se$_{3}$,1.15,2,Absorption
Li$_{3}$Bi,0.7,1,Thermal activation
GaS,2.84,2,
KCl,8.69,2,Reflection
NiO,0.92,2,Thermal activation
Cd$_{3}$As$_{2}$,0.53,2,Photoconduction
EuSe,1.78,2,Reflection
C,7.02,1,Reflection
Se,1.7,2,Absorption
As$_{2}$S$_{6}$,2.35,2,Absorption
KI,5.92,2,Absorption
InSb,0.175,2,Absorption
Se,1.77,2,Absorption
SnO$_{2}$,3.631,2,Absorption
FeSi$_{2}$,0.88,2,
TlS,1.36,1,Reflection
Be$_{3}$Sb$_{2}$,0.67,1,Thermal activation
V$_{2}$O$_{5}$,1.95,2,Thermal activation
GaAs,1.507,2,
V$_{2}$O$_{5}$,2.3,2,Absorption
SnSe$_{2}$,1.03,1,Absorption
HgS,2.183,2,Absorption
Sm$_{2}$O$_{3}$,2.27,2,
As$_{2}$Te$_{3}$,0.9,2,
SbI$_{3}$,2.49,2,Absorption
KI,6.2,2,Absorption
EuS,1.645,1,Absorption
VO$_{2}$,0.65,1,Absorption
CdP$_{2}$,2.02,1,Absorption
Mg$_{2}$Si,2.17,2,Reflection
Mg$_{2}$Ge,1.737,2,
As$_{2}$Se$_{3}$,1.5,2,Absorption
Sm$_{2}$Se$_{3}$,2.3,1,Reflection
FeSb$_{2}$,0.05,2,Thermal activation
GaTe,1.74,2,
Ag$_{2}$Se,0.18,2,Thermal activation
K$_{3}$Sb,1,1,Thermal activation
Na$_{2}$Te,2,2,Estimated
ZnP$_{2}$,2.18,1,
CdBr$_{2}$,4.47,1,Reflection
TiO$_{2}$,2.9,2,Absorption
Yb$_{2}$O$_{3}$,2.99,1,Thermal activation
Sn,0.075,1,Absorption
GaS,2.53,2,Absorption
CuN$_{3}$,4.17,1,Absorption
SnTe,0.3,2,Thermal activation
Ag$_{2}$Te,0.064,2,
K$_{3}$Sb,1.1,2,Absorption
ZnAs$_{2}$,0.93,2,Absorption
Cr$_{3}$Se$_{4}$,0.015,1,Thermal activation
InSb,0.236,2,
As$_{2}$S$_{3}$,2.062,2,Absorption
ThO$_{2}$,2.56,2,Thermal activation
SnO$_{2}$,3.57,2,Reflection
Na$_{3}$Sb,1.1,1,Absorption
RbI,5.83,1,Absorption
SnS$_{2}$,2.6,2,Reflection
InSe,1.19,2,Reflection
CaO,7.03,2,Reflection
Bi,0.015,1,Magnetoreflection
V$_{2}$O$_{5}$,2.32,2,Absorption
TiO$_{2}$,3.3,1,Electroreflection
HgO,1.18,2,Thermal activation
SmB$_{6}$,4.9,1,Reflection
Se,1.81,2,Absorption
PbI$_{2}$,2.41,2,
NiAs$_{2}$,0.05,1,
Al$_{2}$S$_{3}$,4.1,1,Absorption
Hg$_{2}$Br$_{2}$,2.6,1,Absorption
ZnP$_{2}$,1.85,1,
TlBr,3.1,2,Absorption
PbSe,0.27,1,Reflection
Bi$_{0.92}$Sb$_{0.08}$,0.007,2,Thermal activation
Se,1.56,2,Absorption
RbI,6.37,2,Photoconduction
Cs$_{3}$Bi,0.55,1,Absorption
HgTe,0.303,2,Magnetoreflection
B,1.53,2,Absorption
KBr,7.6,1,Absorption
MnI$_{2}$,4.4,2,Absorption
CeO$_{2}$,1.1,2,Thermal activation
GaSb,0.81,2,
SiAs,1.57,2,Absorption
Si$_{3}$N$_{4}$,4.5,2,Absorption
As,0.172,2,Magnetoreflection
Tl$_{2}$S,0.19,2,Photoconduction
VO$_{2}$,0.4,2,Absorption
HgTe,0.19,2,
AgBr,2.68,2,Absorption
Ga$_{2}$Te$_{3}$,1.32,1,Reflection
AlB,0.5,2,Thermal activation
InAsI,0.41,2,
InAs,0.356,1,Magnetoabsorption
Se,2.4,2,Absorption
MoO$_{3}$,3.66,1,Thermal activation
As$_{2}$S$_{5}$,2.21,2,Absorption
GaSe,2.01,2,Thermal activation
FeSe$_{2}$,0.5,2,Thermal activation
Mg$_{2}$Ge,0.63,2,Photoconduction
Ag$_{2}$Te,0.28,2,
Cu$_{2}$Te,1.04,2,Reflection
MoTe$_{2}$,0.83,1,Absorption
GaAs,1.147,2,Absorption
GaN,3.39,2,Absorption
AgCl,3.08,2,Absorption
NaBr,7.5,1,Absorption
Ca$_{2}$Pb,0.46,1,Thermal activation
SrO,5.7,2,Reflection
WTe$_{2}$,0.075,2,Thermal activation
Bi$_{2}$Se$_{3}$,0.161,2,Absorption
SnS$_{2}$,2.21,2,Absorption
SrO,5.77,1,Absorption
RbCl,8.2,2,Absorption
SiC,2.39,2,Absorption
Ag$_{2}$Te,0.064,1,Absorption
NbSe$_{2}$,1.4,1,Reflection
WO$_{3}$,2.7,2,Absorption
Er$_{2}$O$_{3}$,3.26,1,Thermal activation
KBr,7.76,2,Absorption
Bi$_{2}$Se$_{3}$,0.21,1,Absorption
Mg$_{2}$Ge,0.567,2,Absorption
InS,1.86,1,Thermal activation
OsSb$_{2}$,0.2,1,Thermal activation
LaB$_{6}$,4.1,2,Absorption
Si,1.166,2,
As$_{2}$S$_{3}$,2.2,2,
ZnTe,2.25,1,Absorption
EuS,3.1,2,Absorption
Sb$_{2}$Se$_{3}$,1.1,2,Absorption
SnCl$_{2}$,3.9,1,Reflection
As$_{2}$S$_{3}$,2.32,2,Absorption
PrO,0.55,2,Thermal activation
ZnSb,0.5,2,Absorption
Mg$_{2}$Sn,0.36,2,Thermal activation
Ce$_{2}$Se$_{3}$,1.75,1,Reflection
Bi$_{2}$Te$_{3}$,0.15,2,Absorption
PbI$_{2}$,2.36,2,Reflection
Cu$_{2}$Te,1.15,2,Absorption
Nb$_{2}$S$_{3}$,0.12,1,Thermal activation
PbTe,0.34,2,Reflection
MoO$_{3}$,3.7,2,Absorption
SnSe$_{2}$,1.97,1,Reflection
Ge$_{0.542}$Si$_{0.458}$,2.238,2,Electroreflection
Te,0.343,2,Absorption
EuSe,1.78,1,Reflection
PbCl$_{2}$,4.1,2,Reflection
Cd$_{3}$P$_{2}$,0.52,1,Thermal activation
Mg$_{2}$Si,0.6,1,Estimated
NaCl,8.4,2,Absorption
Ga$_{2}$Te$_{3}$,1.13,1,Reflection
As$_{2}$S$_{3}$,2.56,2,Absorption
TiO$_{2}$,3.75,2,Absorption
RbI,6.1,2,Absorption
AsSe,1.01,1,Absorption
As$_{2}$S$_{3}$,2,2,Absorption
Pr$_{2}$Se$_{3}$,1.8,1,Reflection
Al$_{2}$Te$_{3}$,2.2,2,Thermal activation
Mg$_{2}$Pb,0.1,2,Thermal activation
Cd$_{3}$P$_{2}$,0.55,2,
Zr$_{3}$O,0.2,1,Thermal activation
Cu$_{2}$S,1.05,2,Absorption
AlAs,2.25,2,
InP,1.413,2,Absorption
GaTe,1.52,2,
HfSe$_{2}$,1.13,1,Absorption
PdSe,0.2,1,Thermal activation
RbCl,8.29,1,Absorption
CdP$_{2}$,1.92,1,
LiCl,9.33,1,Reflection
RbI,6.1,2,Absorption
KI,6.2,2,Absorption
PrF$_{3}$,5.3,2,Absorption
CdI$_{2}$,3.26,2,Reflection
PbSe,0.275,2,Absorption
Se,1.75,1,Absorption
PbTe,0.29,2,Reflection
BiSb$_{0.15}$,0.022,2,Magnetoreflection
Cu$_{2}$S,1.8,2,Thermal activation
ZrSe$_{2}$,2,1,Reflection
InP,1.45,2,Absorption
UO$_{2}$,2.18,1,Absorption
AgBr,2.69,2,Absorption
Sb$_{2}$S$_{3}$,1.92,2,Reflection
RbBr,7.7,2,Absorption
In$_{2}$Se$_{3}$,1.2,1,Absorption
As$_{2}$S$_{5}$,2.62,2,Absorption
Bi$_{2}$O$_{3}$,2.15,2,Thermal activation
AlSb,1.62,2,Reflection
S,4.2,2,Reflection
IrS$_{2}$,0.9,1,Absorption
As$_{2}$Se$_{3}$,1.77,1,Reflection
Ge,0.735,2,Absorption
CI$_{4}$,2.26,1,Absorption
CaO,7.5,2,Estimated
CdIn,0.6,1,Estimated
HgI$_{2}$,2.29,2,Reflection
PbO,2.73,2,Absorption
PbTe,0.31,2,Photoconduction
AsI$_{3}$,2.29,1,Estimated
PbS,0.41,2,Absorption
NdTe$_{2}$,0.48,2,
AlAs,2.2,2,Absorption
PbSe,0.14,2,
EuO,1.1,2,Thermal activation
AgBr,2.683,2,Absorption
In$_{2}$Te$_{3}$,0.85,2,Absorption
LiF,12,2,Absorption
Tl$_{2}$Te,0.5,1,Thermal activation
BaTe,3.4,1,Estimated
KBr,7.3,2,Absorption
NbO$_{2}$,0.25,1,Thermal activation
Cr$_{2}$O$_{3}$,1.62,2,Reflection
PdS,0.5,1,Thermal activation
InSe,1.293,1,Absorption
PdP$_{2}$,0.65,1,Thermal activation
CdO,1.2,1,Absorption
GaSe,2.2,2,
Bi$_{2}$O$_{3}$,2.07,2,Thermal activation
SiSe$_{2}$,1.74,2,Absorption
SnO$_{2}$,3.9,2,Reflection
GeAs,1.45,1,Absorption
La$_{2}$Se$_{3}$,1.7,2,Thermal activation
CuCl,3.306,1,Absorption
Cu$_{2}$Se,1.23,1,Reflection
Ga$_{2}$Se$_{3}$,1.86,2,Thermal activation
Mg$_{2}$Ge,1.804,2,
ZnS,3.82,2,
SeTe,0.561,2,Absorption
HgTe,0.175,1,Thermal activation
GaP,2.235,2,Absorption
GeO$_{2}$,6,2,Absorption
GeSe,1,2,Thermal activation
Sm$_{2}$S$_{3}$,3,2,Thermal activation
Bi$_{0.9}$Sb$_{0.1}$,0.012,2,Thermal activation
La$_{3}$Te$_{4}$,0.43,1,Thermal activation
GaP,2.78,2,Absorption
KF,9.61,2,Reflection
MgO,7.69,2,Reflection
ZnO,3.418,2,Reflection
SnS,1.3,2,Reflection
GaSb,0.812,2,Absorption
PbTe,0.32,2,Absorption
GaAs,1.43,2,Absorption
Ag$_{2}$Te,0.67,2,Absorption
CrSi$_{2}$,0.35,1,Thermal activation
SnO$_{2}$,3.947,2,Absorption
Mg$_{2}$Ge,0.74,2,Thermal activation
As$_{2}$S$_{3}$,2.8,2,Absorption
ThO$_{2}$,3.2,2,
EuSe,1.78,2,Absorption
AgI,2.82,2,Absorption
ErB$_{6}$,3.5,1,Absorption
MoO$_{3}$,2.96,1,Absorption
PbSe,0.26,2,Absorption
CaI$_{2}$,5.98,1,Absorption
P,1.6,1,Reflection
Bi,0.006,2,Thermal activation
HgSe,0.24,1,Magnetoreflection
Bi$_{2}$O$_{3}$,3.1,2,Absorption
Na$_{3}$Sb,1,2,Photoconduction
Er$_{2}$O$_{3}$,1.4,2,
MgSe,5.63,2,Absorption
BeO,5.2,2,Thermal activation
GaSb,0.813,2,Absorption
ZnS,3.68,2,Absorption
PrAs,1,1,Absorption
GaTe,1.74,2,Reflection
AlSb,1.62,1,Reflection
SiO$_{2}$,8,2,Absorption
Cr$_{2}$S$_{3}$,0.9,1,Thermal activation
In$_{2}$Te$_{3}$,1.12,1,Reflection
CdTe,1.594,2,Electroreflection
SiAs,1.48,2,Absorption
SrO,1.16,2,Thermal activation
AlP,2.51,2,Absorption
Cu$_{2}$Te,1.08,1,Absorption
AlN,5.74,1,Absorption
LaB$_{6}$,0.08,1,Reflection
Na$_{3}$Sb,1.1,2,Photoconduction
PbS,0.307,2,Magnetoabsorption
PtSe$_{2}$,0.1,1,
PrF$_{3}$,5.9,1,Absorption
BN,3.4,2,
ErN,3,2,Absorption
ZnTe,2.29,2,Reflection
K$_{3}$Sb,1.1,2,Photoconduction
Cu$_{2}$O,2.02,2,Reflection
PbBr$_{2}$,3.2,1,Absorption
TlSe,0.96,2,Absorption
MnSi,0.8,2,
Bi$_{2}$O$_{3}$,2.85,2,Photoconduction
NaCl,8.6,2,Reflection
As$_{2}$S$_{5}$,2.01,2,Absorption
PbN$_{6}$,3.02,1,Absorption
MgF$_{2}$,10.8,2,Absorption
Cu$_{2}$Se,1.23,2,Reflection
As$_{2}$S$_{3}$,2.48,2,Reflection
CoAs$_{3}$,0.25,1,Thermal activation
Al$_{2}$O$_{3}$,9.5,1,Absorption
FeSi$_{2}$,0.9,1,
CdI$_{2}$,6.25,2,Absorption
Nb$_{2}$O$_{5}$,3.48,1,Absorption
FeS$_{2}$,1.2,1,Thermal activation
HfS$_{3}$,2.8,1,Absorption
PbN$_{6}$,2.98,2,Photoconduction
Tl$_{2}$Te$_{3}$,0.69,2,Thermal activation
Zn$_{3}$As$_{2}$,0.51,2,Absorption
HgI$_{2}$,2.095,2,Photoconduction
I,1.6,2,Thermal activation
Sn,0.08,2,Photoconduction
ReSe$_{2}$,0.99,1,Thermal activation
YbSb,1,1,Absorption
Cu$_{2}$Se,1.29,2,Photoconduction
WO$_{3}$,2.9,2,
InSe,1.285,2,Absorption
TiS$_{2}$,1.24,1,Estimated
CaS,6,1,Absorption
Zn$_{3}$As$_{2}$,0.86,2,
GeO$_{2}$,5.56,1,Reflection
InP,1.41,2,
Mg$_{2}$Si,0.655,2,Photoconduction
SnO$_{2}$,3.7,2,Absorption
Nd$_{2}$Te$_{5}$,0.29,1,Thermal activation
ZnSb,0.61,2,Absorption
Gd$_{2}$O$_{3}$,1.36,1,Thermal activation
In$_{2}$S$_{3}$,2.28,2,
RbCl,8.3,2,Reflection
ZnS,3.69,2,Absorption
Se$_{3}$Te,1.87,1,Absorption
Cr$_{2}$Se$_{3}$,0.025,1,Thermal activation
GaS,2.58,2,Absorption
MnO,2.2,2,Thermal activation
Zn$_{3}$As$_{2}$,0.93,1,Absorption
MgTe,3.6,2,Absorption
Bi$_{2}$Se$_{3}$,0.35,2,Absorption
Ti$_{2}$O$_{3}$,0.02,2,
Na$_{3}$Sb,2.2,2,Absorption
TlSe,0.7,2,Absorption
PtAs$_{2}$,0.55,1,Thermal activation
Cs$_{3}$Sb,2.25,2,Absorption
As$_{2}$S$_{3}$,2.36,2,Photoconduction
SnI$_{2}$,2.4,1,Reflection
CdS,2.582,2,Absorption
PbBr$_{2}$,3.31,2,Reflection
NiS$_{2}$,0.5,1,Thermal activation
SrTe,3.77,2,Absorption
As$_{2}$Se$_{3}$,1.85,2,
PbS,0.307,2,Magnetoabsorption
Sb$_{2}$S$_{3}$,1.7,1,Absorption
NdF$_{3}$,6.15,1,Absorption
Si$_{3}$N$_{4}$,5,1,
GaAs,1.35,2,Absorption
KCl,8.9,2,Photoconduction
PbSe,0.176,2,Magnetoabsorption
SnO$_{2}$,3.71,2,Absorption
PtSb$_{2}$,0.11,2,Absorption
Bi$_{2}$Te$_{3}$,0.2,2,
Si$_{2}$Te$_{3}$,2,2,Absorption
Te,0.337,2,Absorption
AlAs,2.13,2,
WSe$_{2}$,1.35,2,
Ga$_{2}$S$_{3}$,3.59,1,
SmS,0.22,1,Thermal activation
CuBr,3.02,2,Photoconduction
GeS,1.59,2,Absorption
B,1.41,2,Photoconduction
As$_{2}$Se$_{3}$,2,2,
AgCl,3.226,2,Absorption
CaTe,4.07,1,Absorption
SnS,1.08,1,Absorption
BaO,3.8,2,Absorption
OsS$_{2}$,2,1,Reflection
CdSb,0.45,1,Absorption
AlN,5.9,2,Absorption
NdB$_{6}$,4.9,1,Reflection
Mg$_{2}$Si,0.66,2,Absorption
MoTe$_{2}$,1.02,2,Absorption
ZrO$_{2}$,4.99,1,Reflection
BaS,3.9,2,Absorption
MnO,3.7,1,Absorption
GaSe,2.1,2,Reflection
PdS$_{2}$,0.75,1,Thermal activation
GeSe,1.17,2,Photoconduction
Hg$_{2}$Cl$_{2}$,3.8,2,Reflection
NiS,0.12,1,Thermal activation
Tl$_{2}$Te$_{3}$,0.48,2,Thermal activation
SnO$_{2}$,2.7,1,Absorption
Na$_{3}$Sb,1.17,2,Thermal activation
ZnSb,1.11,2,Absorption
GaAs,1.42,1,Reflection
Y$_{2}$O$_{3}$,5.6,1,Absorption
Cu$_{2}$Te,1.04,2,Reflection
SbSi,1.9,2,
SnO$_{2}$,3.93,2,Reflection
SnO$_{2}$,2.55,2,Absorption
Cu$_{2}$O,2.17,2,Reflection
BP,2,1,Absorption
CdSe,1.865,2,Absorption
Sb,0.1,1,Reflection
WSe$_{2}$,1.45,2,Absorption
SnO$_{2}$,2.45,2,Absorption
Mg$_{2}$Ge,0.57,2,
V$_{2}$O$_{5}$,2.34,1,Absorption
I,1.3,1,Absorption
RbI,6.36,2,Photoconduction
Cr$_{2}$O$_{3}$,1.68,1,Thermal activation
Ag$_{2}$O,1.5,2,Thermal activation
LiI,6,1,Reflection
YbAs,1.02,1,Absorption
RhS$_{3}$,1.5,1,Absorption
PbO,2.84,1,Absorption
CoO,0.73,2,Thermal activation
Si,1.12,2,Absorption
PbS,0.285,2,Reflection
ReS$_{2}$,1.1,1,Photoconduction
Bi$_{2}$S$_{3}$,1.4,2,Absorption
Si,1.165,2,Absorption
Cd$_{3}$As$_{2}$,0.14,2,
V$_{4}$O$_{7}$,0.8,1,Thermal activation
SiO$_{2}$,8.4,2,Absorption
ThO$_{2}$,3.3,2,Absorption
OsAs$_{2}$,0.9,1,Reflection
Bi$_{2}$O$_{3}$,2.86,2,Reflection
Mg$_{2}$Si,0.77,2,Thermal activation
GaN,3.24,1,Absorption
GaP,2.223,2,Absorption
MoS$_{2}$,0.874,2,Thermal activation
EuS,1.65,2,Reflection
SmS,0.2,2,Absorption
Sb$_{2}$Te$_{3}$,0.3,2,Reflection
CsI,6.2,2,Estimated
Ag$_{2}$Se,0.05,2,
V$_{2}$O$_{4}$,0.66,1,Absorption
KI,6.08,2,Absorption
LiF,11.7,2,Absorption
BaS,3.88,1,Absorption
In$_{2}$O$_{3}$,3.55,2,Absorption
Mg$_{2}$Ge,1.64,2,Electroreflection
PrTe$_{2}$,1.288,1,Absorption
SiC,2.86,2,Absorption
Te,0.32,2,Absorption
NiO,4,2,Reflection
LiF,12.1,2,Absorption
PbTe,0.31,1,Reflection
PbO$_{2}$,2,2,
BP,5.9,2,
WS$_{2}$,1.1,1,
PdO,1.5,1,Thermal activation
BeO,10.39,1,Reflection
Sn,0.092,2,
ZrO$_{2}$,0.65,2,Thermal activation
NaI,5.8,2,Absorption
Mg$_{2}$Si,0.78,2,
Si,1.12,1,Absorption
ZrO$_{2}$,0.56,2,Thermal activation
B$_{2}$O$_{3}$,7,1,
CdS,2.573,2,Absorption
Ag$_{2}$Te,0.028,2,Thermal activation
Mg$_{3}$Bi$_{2}$,0.1,1,Estimated
ThO$_{2}$,3.5,1,Absorption
CdSb,0.43,2,Absorption
MnI$_{2}$,4.04,1,Absorption
Ho$_{2}$O$_{3}$,2.84,1,Thermal activation
SnSe,0.9,2,Absorption
Sb$_{2}$S$_{3}$,1.72,2,Absorption
As$_{2}$Se$_{3}$,1.7,2,
FeSb$_{2}$,0.17,1,Thermal activation
Y$_{2}$O$_{3}$,1.46,2,Thermal activation
Zn$_{3}$Sb$_{2}$,0.2,2,Thermal activation
PbS,0.3,2,
V$_{2}$O$_{3}$,0.1,1,Absorption
CdSb,0.57,2,Thermal activation
HgS,1.998,1,Absorption
BSb,2.6,1,
Sb,0.101,2,Reflection
ReSi$_{2}$,0.12,1,Thermal activation
LiI,5.62,2,Absorption
CeF$_{3}$,4.85,1,Absorption
CdAs$_{2}$,0.89,2,Absorption
GdB$_{6}$,3.6,1,Absorption
CdS,2.41,1,Photoconduction
MnO$_{2}$,0.28,2,Thermal activation
Ga$_{2}$S$_{3}$,2.85,2,Absorption
Cd$_{3}$P$_{2}$,0.589,2,
KI,6.25,2,Reflection
ZnTe,2.23,2,Absorption
MnO,2.6,2,Thermal activation
Fe$_{2}$O$_{3}$,2.2,2,Reflection
Sc$_{2}$O$_{3}$,6.2,2,Absorption
EuN,1.25,1,Thermal activation
Cr$_{2}$Se$_{3}$,0.15,2,Thermal activation
Dy$_{2}$O$_{3}$,3.08,1,Thermal activation
OsTe$_{2}$,0.3,1,Thermal activation
Te,0.32,2,Absorption
TeO$_{2}$,3,1,Photoconduction
Sb$_{0.605}$As$_{0.395}$,0.009,1,Thermal activation
PbO,3.36,2,
Er$_{2}$Se$_{3}$,1.66,1,Thermal activation
ErTe,0.9,1,Thermal activation
Se,1.72,1,Absorption
Mg$_{2}$Ge,1.78,2,
PbO,2.86,2,Absorption
AgCl,3.252,2,Absorption
ZnSe,2.68,2,
PbO,2.6,2,Absorption
Cr$_{2}$O$_{3}$,1.59,2,Thermal activation
AlP,2.65,2,Estimated
AlAs,2.233,2,Absorption
Zn$_{3}$P$_{2}$,1.15,1,Reflection
In$_{2}$S$_{3}$,2.03,1,Absorption
As$_{2}$S$_{3}$,2.57,2,Absorption
TlBr,3.05,1,Reflection
TiO$_{2}$,3.05,2,Photoconduction
SiAs,1.45,1,Absorption
AgN$_{3}$,3.44,2,Absorption
Bi$_{0.85}$Sb$_{0.15}$,0.01,2,Thermal activation
Tb$_{4}$O$_{7}$,0.4,1,Thermal activation
KF,10.3,1,Reflection
WTe$_{2}$,0.05,1,Thermal activation
PtP$_{2}$,0.8,1,Thermal activation
Se,2.14,2,Photoconduction
MnF$_{2}$,9.9,1,Absorption
HgI$_{2}$,2.11,2,Absorption
PbTe,0.191,2,
PbSe,0.29,2,Absorption
CdSb,0.7,2,Absorption
InSe,2.42,2,Absorption
NaCl,8.97,1,Absorption
PbSe,0.165,2,Magnetoabsorption
CdO,2.35,2,Reflection
ZnTe,2.372,2,
Ta$_{2}$O$_{5}$,4.6,1,Photoconduction
Cu$_{2}$S,1.93,2,Reflection
Bi$_{0.97}$Sb$_{0.03}$,0.022,2,
SnSe$_{2}$,0.97,2,Absorption
Sb$_{2}$S$_{3}$,1.71,2,Absorption
Ga$_{2}$O$_{3}$,4.4,2,Absorption
PbO,3.18,2,
AsSe,1.42,1,Absorption
BiI$_{3}$,1.81,2,Absorption
Ag$_{2}$O,1.591,2,Absorption
MoS$_{2}$,1.935,2,Absorption
CdSb,0.535,2,
Ag$_{2}$Te,0.025,2,
ZnS,3.87,1,Reflection
Ge,0.88,2,Absorption
MoO$_{3}$,3.23,1,Absorption
Mg$_{2}$Sn,0.22,2,Absorption
Bi$_{0.9}$Sb$_{0.1}$,0.015,2,Thermal activation
PrB$_{6}$,4.9,1,Reflection
ZnSb,0.48,2,Absorption
Cd$_{3}$As$_{2}$,0.425,2,Thermal activation
TlI,2.88,2,Absorption
GaTe,1.42,1,Absorption
MnO,1.84,2,Thermal activation
Cs$_{3}$Sb,1.6,2,
As$_{2}$S$_{3}$,2.43,1,Absorption
SnS$_{2}$,2.88,1,Absorption
ThO$_{2}$,5.75,1,
Mg$_{2}$Ge,0.66,2,Photoconduction
Te,0.332,1,Absorption
MnS,6.2,1,Reflection
CdSb,0.465,2,Absorption
LiI,6.3,2,Estimated
Tl$_{2}$O$_{3}$,2.25,1,Absorption
Fe$_{2}$O$_{3}$,2.34,1,Thermal activation
SiTe$_{2}$,1.85,1,Absorption
Bi$_{0.87}$Sb$_{0.13}$,0.018,2,Thermal activation
CdSe,1.821,2,Photoconduction
GaAs,1.33,2,
SnBr$_{2}$,3.4,1,Reflection
Cs$_{3}$Bi,0.7,2,Absorption
BeS,4.17,1,SCOPW
ZnSb,1.05,2,Absorption
SnTe,0.33,2,
MgF$_{2}$,5.65,2,Thermal activation
KI,6.28,2,Absorption
Se,1.85,2,Absorption
CdP$_{4}$,1.15,2,Thermal activation
AgBr,2.6,2,Absorption
C,6,2,
Te,0.334,2,Magnetoabsorption
Pr$_{2}$O$_{3}$,0.84,1,Thermal activation
Mg$_{2}$Si,2.27,2,Electroreflection
CdSe,1.84,2,Absorption
CdP$_{2}$,2.15,2,Absorption
HgO,2.214,2,Reflection
Sb$_{2}$S$_{3}$,1.69,2,Absorption
CdI$_{2}$,3.478,2,Absorption
InP,1.34,2,Electroreflection
HgI$_{2}$,2.47,2,
CdSb,0.428,2,Photoconduction
PbS,0.286,2,Magnetoabsorption
HgO,1.02,2,Thermal activation
Se,2.01,2,Absorption
ZnAs$_{2}$,1.3,2,
FeAs$_{2}$,0.2,2,Thermal activation
SmP,1.09,1,Absorption
PbS,0.281,2,
Eu$_{3}$S$_{4}$,0.163,1,Thermal activation
EuO,1.122,1,Absorption
YN,1.9,1,Absorption
NaI,5.93,2,Reflection
HfSe$_{2}$,2.2,1,Reflection
NaI,5.89,1,Reflection
GaAs,1.37,2,Absorption
RbBr,7.65,2,Absorption
PbO,2.76,1,Absorption
As$_{2}$S$_{3}$,2.21,2,Absorption
Ge$_{0.838}$Si$_{0.162}$,1.319,2,Electroreflection
CeN,0.7,1,Estimated
Tl$_{2}$O$_{3}$,1.4,1,Absorption
BaO,5.13,1,Estimated
Gd$_{2}$O$_{3}$,2.9,2,Thermal activation
Se,2.3,2,Absorption
Mg$_{2}$Ge,1.64,1,Electroreflection
HoN,1.79,1,Absorption
ZrS$_{3}$,2.28,2,Photoconduction
CdP$_{2}$,1.55,1,
Sm$_{2}$O$_{3}$,1.17,1,Thermal activation
Pb$_{3}$O$_{4}$,2.12,1,Absorption
CdCl$_{2}$,5.7,1,Reflection
GeS$_{2}$,3.54,1,Absorption
Bi$_{0.85}$Sb$_{0.15}$,0.007,2,Thermal activation
RhSe$_{2}$,0.6,1,
GaS,2.5,1,Absorption
Bi$_{2}$Te$_{3}$,0.13,2,Absorption
DyAs,1,1,Absorption
GaAs,1.435,2,Absorption
GaSb,0.773,2,
Fe$_{2}$Te$_{3}$,0.34,2,
ZnTe,2.34,2,
ZnSe,2.795,2,Photoconduction
CrO$_{2}$,0.23,1,Absorption
SiC,4.4,2,Estimated
PrO$_{2}$,0.88,2,
Nd$_{2}$Se$_{3}$,1.7,1,Reflection
Sc$_{2}$O$_{3}$,1.7,2,Thermal activation
Cs$_{3}$Sb,1.6,2,
GaS,2.5,2,Reflection
Bi$_{0.88}$Sb$_{0.12}$,0.014,2,Thermal activation
Cu$_{2}$O,2.58,2,Reflection
EuSe,1.8,2,Photoconduction
Hg$_{2}$Cl$_{2}$,2.84,2,Absorption
Al$_{2}$O$_{3}$,8.7,2,Absorption
InSb,0.236,2,Absorption
RuS$_{2}$,1.8,1,Reflection
SnO$_{2}$,3.54,2,Absorption
GaTe,1.7,2,
PbBr$_{2}$,3.5,2,Absorption
PbO,2,2,Absorption
Ca$_{2}$Si,1.9,1,
TlI,2.67,1,Absorption
BeSe,3.61,1,SCOPW
B,0.93,1,Absorption
As$_{2}$Te$_{3}$,0.58,2,
AlSb,1.6,2,
HgI$_{2}$,2.29,2,Electroreflection
Nd$_{2}$S$_{3}$,3,1,Thermal activation
Sb$_{2}$Se$_{3}$,1.4,2,
GeSe$_{2}$,2.485,1,Absorption
KF,10.9,2,Absorption
AgCl,3.22,2,Absorption
MnSe$_{2}$,0.2,1,Thermal activation
Nd$_{4}$Te$_{7}$,0.38,1,Thermal activation
ZnAs$_{2}$,0.9,1,Absorption
Ge$_{0.653}$Si$_{0.347}$,1.914,2,Electroreflection
BP,4.5,2,
MoS$_{2}$,1.83,2,Absorption
Na$_{2}$Se,2,1,Estimated
CdS,2.582,2,Reflection
MnTe,1.35,2,Reflection
As$_{2}$Se$_{3}$,1.73,2,Absorption
ZnSb,0.514,2,Absorption
GeS,1.58,1,Thermal activation
Te,0.336,2,Absorption
PbO$_{2}$,1.5,2,
EuTe,1.959,1,Absorption
Ag$_{2}$O,1.2,1,Photoconduction
Bi$_{0.85}$Sb$_{0.15}$,0.008,2,
SiSn,0.59,1,
Mg$_{2}$Pb,0.041,1,Thermal activation
GdN,1.54,1,Absorption
Bi$_{0.7}$Sb$_{0.3}$,0.008,2,Thermal activation
Ag$_{2}$S,1.23,2,Photoconduction
IrSe$_{2}$,1,1,Absorption
SnSe,1.2,1,Absorption
Cu$_{2}$S,1.21,1,Reflection
LiBr,7.95,1,Absorption
GaAs,1.521,2,Absorption
Sb$_{2}$O$_{3}$,3.31,1,Reflection
ZnTe,2.35,2,Reflection
ThO$_{2}$,5.02,2,Absorption
BAs,3.56,2,SCOPW
La$_{2}$Te$_{3}$,0.1,1,Thermal activation
Cs$_{3}$Sb,1.6,2,
CuP$_{2}$,1.4,1,Absorption
EuS,1.645,2,Absorption
BiI$_{3}$,2.195,1,
LaF$_{3}$,6.6,1,Absorption
Ge$_{0.9355}$Si$_{0.0645}$,1.042,2,Electroreflection
La$_{2}$O$_{3}$,2.86,2,
Mg$_{2}$Ge,1.67,2,Reflection
WSe$_{2}$,1.57,2,Absorption
EuTe,2,2,Reflection
Sb$_{2}$S$_{3}$,1.63,2,Absorption
RbBr,7.25,2,Reflection
Eu$_{3}$As$_{2}$,0.6,1,Thermal activation
AlP,2.42,2,
InAs,0.41,2,Magnetoabsorption
MoS$_{2}$,1,2,Thermal activation
Rb$_{3}$Sb,0.9,2,Thermal activation
AlAs,2.16,2,Absorption
ZnSe,2.76,2,
In$_{2}$Te$_{3}$,1.026,2,Thermal activation
PtSb$_{2}$,0.11,1,Absorption
AgBr,2.676,2,Absorption
WSe$_{2}$,1.35,1,Absorption
WS$_{2}$,0.45,2,Thermal activation
AgBr,2.68,1,Absorption
SbI$_{3}$,2.12,2,Absorption
Al$_{2}$Te$_{3}$,2.5,2,Thermal activation
CdSe,1.83,2,Photoconduction
CaO,7,2,Absorption
CdSb,0.585,2,Absorption
EuN,1.47,2,Estimated
K$_{3}$Sb,1.8,1,Absorption
ZnO,3.435,2,Reflection
Bi$_{2}$Te$_{3}$,0.171,2,Thermal activation
NiO,3.7,1,Electroreflection
Bi$_{2}$S$_{3}$,1.3,2,Absorption
Mg$_{2}$Sn,0.18,1,Reflection
As$_{2}$S$_{3}$,2.32,2,Absorption
HgO,2.48,1,Reflection
CsBr,7.18,1,Estimated
As,0.346,2,Magnetoreflection
In$_{2}$Te$_{3}$,1.11,2,Absorption
AsTe,0.74,1,
Cu$_{2}$S,1.93,2,Reflection
SnTe,0.18,1,Absorption
HgS,2.21,2,Reflection
PbTe,0.21,2,Photoconduction
BiI$_{3}$,1.73,1,Absorption
NaCl,8.6,2,Absorption
GaTe,1.63,2,Reflection
Sm$_{2}$S$_{3}$,3,1,Reflection
ZrS$_{3}$,2.17,1,Absorption
BeTe,2.89,1,SCOPW
BiI$_{3}$,1.93,2,Absorption
Al$_{2}$O$_{3}$,9.9,1,Absorption
MgSe,5.6,2,
C,5.41,2,Absorption
AlN,5.9,2,Absorption
GaP,2.75,2,Electroreflection
ZnTe,2.281,2,
PdO,0.6,2,Reflection
SiSe$_{2}$,1.72,1,Absorption
TlBr,3.115,2,Absorption
Ga$_{2}$Te$_{3}$,1.5,2,Thermal activation
Hg$_{2}$I$_{2}$,2.37,2,Absorption
Mg$_{3}$P$_{2}$,1.4,1,Estimated
CoO,0.125,2,Thermal activation
SrS,4.8,2,Absorption
Cd$_{3}$P$_{2}$,0.586,2,
PtSb$_{2}$,0.07,2,
TbO$_{2}$,0.5,1,Thermal activation
GeI$_{2}$,1.5,1,Estimated
Cu$_{2}$Se,1.3,2,Absorption
BaSe,3.6,1,Absorption
Te,0.33,2,Thermal activation
GaSe,1.93,2,Photoconduction
Cu$_{2}$S,1.26,2,Reflection
P,1.4,2,Absorption
ZnSe,2.81,2,Reflection
V$_{2}$O$_{5}$,2.54,2,Absorption
Pr$_{2}$Se$_{3}$,1.9,2,Thermal activation
ZnTe,2.255,2,Reflection
InSe,1.12,2,Absorption
ZnS,3.704,2,Absorption
TlSe,0.74,2,Reflection
ZnSb,0.59,2,Absorption
C,5.47,1,Absorption
Bi$_{2}$O$_{3}$,2.6,1,Absorption
S,3.82,2,Photoconduction
C,5.503,2,Photoconduction
Ag$_{2}$Te,0.13,2,Thermal activation
PdSe$_{2}$,0.4,1,Thermal activation
Mg$_{3}$Sb$_{2}$,0.8,2,
GaAs,1.51,2,Absorption
LiF,12.6,2,Estimated
EuSe,1.87,2,Absorption
In$_{2}$O$_{3}$,3.75,1,Absorption
RbCl,8.5,2,Absorption
Cu$_{2}$O,2.02,2,Reflection
SbI$_{3}$,2.22,1,Estimated
RbBr,7.2,1,Absorption
RhSe$_{3}$,0.7,1,Absorption
BN,3.8,2,Absorption
CaO,6.1,2,Absorption
GaSe,1.97,2,Absorption
GaAs,1.62,2,Absorption
AgBr,4.292,2,Absorption
PbCl$_{2}$,3.82,1,Absorption
SnSe$_{2}$,0.98,2,Absorption
Se,2.01,2,Reflection
CsBr,6.9,2,Estimated
GeAs,0.65,1,Absorption
Cu$_{2}$S,1.84,2,Photoconduction
PtO$_{2}$,0.2,1,Thermal activation
Mg$_{2}$Sn,0.31,2,Absorption
KBr,7.215,2,Reflection
CaB$_{6}$,4.4,2,
Cr$_{3}$Se$_{4}$,0.015,2,Thermal activation
ZnTe,2.37,2,Absorption
Bi$_{2}$S$_{3}$,0.72,2,Thermal activation
BaF$_{2}$,9.06,1,Absorption
InP,1.351,1,Absorption
Sb$_{0.71}$As$_{0.29}$,0.125,2,Thermal activation
HgS,0.7,2,Reflection
Si,1.16,2,Absorption
CsCl,8.1,1,Absorption
Ge$_{0.93}$Si$_{0.07}$,1.042,2,Electroreflection
MnO$_{2}$,0.7,2,Thermal activation
Bi$_{2}$Se$_{3}$,0.35,2,Absorption
DyN,2.6,1,Absorption
GaS,2.52,2,Absorption
GeTe,0.33,2,
EuO,4.3,2,Photoconduction
Ag$_{2}$S,0.87,1,Absorption
In$_{2}$S$_{3}$,1.1,1,Thermal activation
SiC,2.86,1,Absorption
Ge,0.744,2,Magnetoabsorption
BAs,1.46,1,Absorption
AgBr,2.97,2,Absorption
MoS$_{2}$,1.89,1,Absorption
WSe$_{2}$,1.49,2,
ZnP$_{2}$,1.65,1,
HgI$_{2}$,2.13,1,Reflection
PbSe,0.27,2,Reflection
CdI$_{2}$,3.2,2,Photoconduction
MnTe$_{2}$,0.48,1,Thermal activation
GaSe,2.169,2,Absorption
B,1.38,2,Absorption
CaO,7.7,1,Estimated
GeTe,0.7,2,Absorption
MgTe,4.7,1,
InAs,0.33,2,Absorption
Dy$_{2}$S$_{3}$,3,2,Thermal activation
ZnI$_{2}$,4.53,1,Absorption
Bi$_{2}$S$_{3}$,1.2,1,Absorption
As$_{2}$Te$_{3}$,0.48,1,Absorption
BP,2,2,
SiO$_{2}$,11,1,Reflection
SnO$_{2}$,4.3,1,Absorption
La$_{2}$Se$_{3}$,1.97,1,Reflection
KBr,7.13,2,Reflection
Mg$_{2}$Ge,0.69,2,Thermal activation
HgTe,0.15,2,Reflection
HgI$_{2}$,2.315,2,Reflection
Si,1.17,2,Absorption
Zr$_{6}$O,0.18,1,Thermal activation
PtP$_{2}$,0.6,2,Thermal activation
V$_{5}$O$_{9}$,0.15,1,Thermal activation
As$_{2}$S$_{3}$,2.1,2,Absorption
GeO$_{2}$,5.63,2,Reflection
UO,1.5,1,Thermal activation
Bi$_{2}$O$_{3}$,2.85,2,Absorption
ZnSb,0.606,2,Absorption
CdI$_{2}$,4.228,2,Absorption
GaTe,1.5,2,Photoconduction
ZrS$_{2}$,1.68,1,Absorption
P,0.33,1,Reflection
Lu$_{2}$O$_{3}$,3.94,1,Thermal activation
MnSe,1.8,1,Reflection
Ge,0.005,1,Magnetoabsorption
Eu$_{3}$P$_{2}$,1.2,1,Absorption
GeS,1.69,2,Absorption
Rb$_{3}$Sb,1.7,2,Absorption
Ga$_{2}$O$_{3}$,4.54,1,Absorption
GaP,2.22,1,Absorption
CoSi,0.045,1,
HgI$_{2}$,2.19,2,Absorption
SeS,1.9,1,Absorption
Ga$_{2}$Se$_{3}$,2.3,2,
BiBr$_{3}$,2.66,1,Absorption
CdCl$_{2}$,5.8,2,
CsBi$_{2}$,0.55,1,Absorption
Cd$_{3}$As$_{2}$,0.13,1,Absorption
PbSe,0.176,2,Magnetoabsorption
SmSb,0.59,1,Absorption
Bi$_{2}$Te$_{3}$,0.153,2,Thermal activation
PbCl$_{2}$,3.94,2,Absorption
GeAs$_{2}$,1,1,Absorption
Sb$_{2}$S$_{3}$,1.7,2,Absorption
I,1.68,2,Absorption
Cr$_{2}$O$_{3}$,1,2,
HoN,1.9,2,Absorption
As$_{2}$S$_{3}$,2.43,2,Absorption
BeO,11.6,2,
Mg$_{3}$Sb$_{2}$,0.82,1,
CaB$_{6}$,4.5,1,Reflection
ThO$_{2}$,3.3,2,Reflection
Eu$_{2}$O$_{3}$,1.7,1,Thermal activation
As$_{2}$S$_{3}$,2.23,2,Absorption
Ce$_{2}$Se$_{3}$,2,2,Thermal activation
As$_{2}$O$_{3}$,4,1,Absorption
MgO,7.4,2,Absorption
Bi$_{0.92}$Sb$_{0.08}$,0.011,2,Thermal activation
Tl$_{2}$Te$_{3}$,0.7,1,Absorption
MoTe$_{2}$,1.82,2,
ZnSe,2.67,1,Reflection
CdI$_{2}$,3.266,1,Absorption
TlSe,0.73,1,Absorption
ZnSb,0.61,2,Absorption
Tl$_{2}$Te$_{3}$,0.2,2,Thermal activation
AgBr,4.29,1,Absorption
EuS,1.69,2,Absorption
CdSe,1.733,2,Photoconduction
AgCl,3.25,2,Absorption
ZnO,3.31,2,Electroreflection
CdSc,1.714,1,Photoconduction
ReO$_{3}$,2.3,1,Reflection
Bi$_{2}$S$_{3}$,1.3,2,Absorption
NdTe$_{2}$,0.3,1,Thermal activation
DyB$_{6}$,3.3,1,Absorption
InSe,1.05,2,Absorption
TlN$_{3}$,3.58,1,Absorption
CsCl,7.8,2,Absorption
Ag$_{2}$Se,0.18,2,
Al$_{2}$Se$_{3}$,3.1,1,Absorption
YbS,0.176,2,Thermal activation
SnSe$_{2}$,1,2,Thermal activation
PrTe$_{2}$,1.02,1,Absorption
CdSb,0.45,2,Absorption
Yb$_{2}$O$_{3}$,1.53,2,Thermal activation
Zn$_{3}$Sb$_{2}$,0.22,1,Absorption
S,3.82,1,Photoconduction
CdTe,1.517,1,Electroreflection
KBr,8,2,Photoconduction
PbI$_{2}$,2.32,2,Absorption
Bi$_{2}$Se$_{3}$,0.4,2,Absorption
HgS,2.095,2,Estimated
Nb$_{2}$O$_{5}$,3.08,2,Reflection
TiS$_{2}$,1.95,2,Reflection
Cu$_{2}$O,2.67,2,Reflection
As$_{2}$Te$_{3}$,1,2,Absorption
NdAs,1.04,1,Absorption
InAs,0.412,2,
Cd$_{3}$Bi$_{2}$,0.2,1,Estimated
AlAs,2.215,2,Absorption
CuBr,2.987,1,Absorption
CuI,3.07,1,Estimated
PbI$_{2}$,3.01,2,Absorption
OsP$_{2}$,1.2,1,Reflection
MgF$_{2}$,11.8,1,Reflection
Mg$_{2}$Sn,0.23,2,Absorption
AlAs,2.9,1,
RbCl,8.1,2,Absorption
ZnSb,0.53,2,Absorption
GaAs,1.253,2,Absorption
PbTe,0.29,2,Absorption
ZnTe,2.176,2,Reflection
Tb$_{2}$O$_{3}$,0.95,1,Thermal activation
HgTe,0.266,2,Magnetoreflection
SrS,4.76,1,Absorption
Ag$_{2}$Te,0.85,2,Reflection
PtS$_{2}$,0.75,1,
Ge,0.771,2,Magnetoabsorption
Bi,0.024,2,Magnetoabsorption
PbTe,0.21,2,Reflection
CeO$_{2}$,5.5,2,Absorption
Mg$_{2}$Si,2.27,1,Electroreflection
ZnSe,2.874,2,Absorption
V$_{2}$O$_{5}$,2.49,2,Absorption
Eu$_{2}$O$_{3}$,1.84,2,Thermal activation
GeSe,1.1,1,Absorption
Eu$_{3}$O$_{4}$,0.6,1,Thermal activation
GaBi,0.1,1,Estimated
MoO$_{3}$,2.8,1,Absorption
AgTe,0.85,1,Absorption
GaSe,2.117,2,Absorption
ZnSb,1.09,2,Absorption
GaAs,1.518,2,Absorption
CaSe,4.87,1,Absorption
C,5.542,2,Photoconduction
HgTe,0.283,2,Magnetoreflection
ZnSb,0.99,1,Absorption
AsBr$_{3}$,2.6,1,Absorption
HgBr$_{2}$,3.59,1,Absorption
Al$_{2}$Te$_{3}$,2.5,1,Absorption
HgSe,0.1,2,Thermal activation
As$_{2}$O$_{3}$,5,2,Reflection
C,5.493,2,Photoconduction
AlAs,2.223,2,Absorption
SeTe,1.58,2,Absorption
ZnTe,2.385,2,Absorption
HfS$_{3}$,2.85,2,Photoconduction
GeSn,0.8,1,
ScN,2.6,1,
BaO,4.8,2,Absorption
GaSe,2.065,2,Absorption
CdSe,1.815,2,Photoconduction
P,0.35,2,Thermal activation
AlAs,2.1,1,
BN,8,1,APW
Si$_{2}$Te$_{3}$,1.98,1,Absorption
HgI$_{2}$,2.33,2,
RuSe$_{2}$,1,1,Reflection
Dy$_{2}$O$_{3}$,1.39,2,
Ti$_{2}$S$_{3}$,0.3,1,Thermal activation
PbS,0.44,2,Reflection
Li$_{3}$Sb,1,1,Thermal activation
SnO$_{2}$,4.1,2,Absorption
GeSe,1.53,1,Absorption
AgCl,3.246,2,Absorption
Cs$_{3}$As,0.6,1,
SnSe,0.91,1,Absorption
AlAs,3.5,2,
Ge,0.799,2,Absorption
GeTe$_{2}$,0.3,1,
MoS$_{2}$,0.25,1,Absorption
In$_{2}$Se,0.65,1,Absorption
CsBr,6.8,2,Absorption
TlCl,3.56,1,Absorption
Ge,0.889,2,Magnetoabsorption
TlSe,0.67,2,Photoconduction
HgI$_{2}$,2.795,2,Reflection
GaS,2.62,2,Absorption
AlAs,2.228,2,Absorption
Ag$_{2}$S,1,2,Reflection
MgSe,5.6,1,Absorption
Nd$_{2}$Te$_{3}$,1.12,1,Thermal activation
GeTe,0.84,1,Absorption
FeSc$_{2}$,0.77,1,Thermal activation
KI,6.375,2,Reflection
Cs$_{3}$Sb,1.6,1,Absorption
ZrS$_{2}$,0.85,2,Thermal activation
SeTe,0.64,1,Absorption
Mg$_{2}$Ge,0.548,2,Absorption
B,1.16,2,Photoconduction
Mg$_{3}$As$_{2}$,1,2,Estimated
Ca$_{2}$Sn,0.9,1,Thermal activation
CoAs$_{2}$,0.15,1,Thermal activation
GeS,1.68,2,Absorption
In$_{2}$Te$_{3}$,1.09,2,Absorption
Ge,0.88,2,Absorption
In$_{2}$O$_{3}$,2.8,2,Reflection
UO,0.6,2,Thermal activation
GaSe,2.12,2,Absorption
CdI$_{2}$,3.19,2,Absorption
GaP,2.78,1,Absorption
LiI,5.9,2,Absorption
Se,1.71,1,Absorption
CsI,6.37,1,Absorption
KF,10.9,1,Reflection
ErSe$_{2}$,1.07,1,Thermal activation
MnTe,1.25,1,Reflection
Ga$_{2}$Se$_{3}$,2.05,1,Absorption
InSb,0.234,2,
SnSe$_{2}$,1.3,2,Absorption
Ga$_{2}$Te$_{3}$,1.45,2,Thermal activation
Cs$_{2}$Te,3.5,1,
Ag$_{2}$Se,0.13,1,Absorption
B,1.44,2,Photoconduction
As$_{2}$S$_{3}$,2.355,2,Absorption
PbSe,0.165,2,Magnetoabsorption
CoO,0.47,1,Thermal activation
GaS,2.591,2,Absorption
WO$_{3}$,2.8,1,
CdTe,1.58,2,Thermal activation
Bi$_{0.91}$Sb$_{0.09}$,0.01,2,Thermal activation
Se,2.2,2,Reflection
Ga$_{2}$Te$_{3}$,1.33,2,Absorption
Mg$_{2}$Sn,0.34,2,
ZnSb,0.508,2,Absorption
TiTe$_{2}$,1,1,Reflection
I,1.5,2,Absorption
SnSe$_{2}$,1.62,2,Absorption
MnTe$_{9}$,2,2,Thermal activation
GeTe,0.8,2,Absorption
Bi$_{0.9}$Sb$_{0.1}$,0.014,2,Magnetoreflection
PtS,0.8,1,Absorption
PbO$_{2}$,2,1,
SiO$_{2}$,10.4,2,Reflection
AgCl,5.1,2,Estimated
SiC,2.2,1,Absorption
CdI$_{2}$,3.8,2,Photoconduction
Ti$_{2}$O$_{3}$,0.04,1,
Cd$_{3}$As$_{2}$,0.048,2,Magnetoreflection
Mg$_{2}$Sn,0.135,1,Absorption
Sb$_{2}$S$_{3}$,1.7,2,
As$_{2}$S$_{3}$,2.365,2,Absorption
LiBr,7.5,2,Reflection
Rb$_{3}$Sb,1,1,Absorption
MnF$_{2}$,10.2,1,Absorption
LaB$_{6}$,4.9,2,Reflection
UO$_{2}$,1.3,2,Thermal activation
Nb$_{2}$O$_{5}$,1.65,2,Thermal activation
PbBr$_{2}$,3.23,2,Absorption
NiO,3.7,2,Thermal activation
ZnS,3.73,2,Absorption
Na$_{2}$Te,2.3,1,Thermal activation
Mg$_{2}$Ge,0.57,2,Absorption
RuSb$_{2}$,0.3,1,Thermal activation
FeSi,0.1,1,Thermal activation
BiI$_{3}$,1.922,2,Absorption
Cd$_{3}$P$_{2}$,0.58,2,
SmTe,0.62,1,Absorption
ZnSb,0.59,2,Absorption
RuAs$_{2}$,0.8,1,Reflection
In$_{2}$Te$_{3}$,1,2,
GaP,2.895,2,Photoconduction
As$_{4}$S$_{4}$,2.4,1,Photoconduction
DyN,2.1,2,Absorption
TlCl,3.468,2,Absorption
GaSe,2.07,2,
Fe$_{2}$Te$_{3}$,0.6,1,Absorption
B,1.27,2,Thermal activation
CsF,10,1,Absorption
Rh$_{2}$S$_{3}$,0.8,1,Thermal activation
In$_{2}$Te$_{3}$,0.84,1,Reflection
CsCl,7.4,2,Estimated
TeI,1.1,1,Thermal activation
TiSe$_{2}$,1.55,2,Reflection
As$_{2}$Te$_{3}$,0.62,2,Absorption
NaBr,7.26,2,Reflection
PrSb,0.66,1,Absorption
BiI$_{3}$,2.029,2,Absorption
PbO,2.73,2,Reflection
FeTe$_{2}$,0.46,1,Thermal activation
CuP$_{2}$,1.51,2,Absorption
ZrS$_{2}$,2.75,1,Reflection
TlCl,3.46,2,Absorption
As,1.07,2,Reflection
PbI$_{2}$,2.535,2,
Na$_{2}$S,2.4,1,Estimated
YbS,0.33,1,Thermal activation
AlP,2.45,1,Absorption
CeO$_{2}$,2,2,
As$_{2}$S$_{3}$,3,2,
EuSe,3.1,2,Absorption
HfO$_{2}$,5.55,1,
NdB$_{6}$,3.4,2,Absorption
Fe$_{2}$O$_{3}$,1.06,2,Thermal activation
AgI,2.919,2,Absorption
In$_{4}$S$_{5}$,0.9,1,Photoconduction
InSb,0.17,1,Absorption
RuTe$_{2}$,0.25,2,Thermal activation
In$_{2}$Te$_{3}$,1.15,2,Thermal activation
PbTe,0.185,2,Photoconduction
NaI,6.75,2,Absorption
PtAs$_{2}$,0.5,2,Thermal activation
Er$_{3}$Te$_{4}$,0.9,1,Thermal activation
Mg$_{2}$Ge,0.54,2,
PbS,0.41,1,Reflection
NiP$_{2}$,0.5,1,Thermal activation
Ge,0.882,2,Absorption
SrTe,3.73,1,Absorption
Sb$_{2}$O$_{3}$,3.2,2,Reflection
B,1.55,2,Thermal activation
PbSe,0.165,2,Absorption
Te,0.335,2,Absorption
Pb$_{2}$O$_{3}$,1.67,1,Absorption
